<?xml version="1.0" ?>
<LOG_ROOT>
	<PROJECT NAME="zjw_yunsuanqi">
		<CBX_INST_ENTRY INSTANCE_NAME="|zjw_yunsuanqi|lpm_mux:Mux1" CBX_FILE_NAME="mux_ooc.tdf"/>
		<CBX_INST_ENTRY INSTANCE_NAME="|zjw_yunsuanqi|lpm_mux:Mux3" CBX_FILE_NAME="mux_ooc.tdf"/>
		<CBX_INST_ENTRY INSTANCE_NAME="|zjw_yunsuanqi|lpm_mux:Mux5" CBX_FILE_NAME="mux_ooc.tdf"/>
		<CBX_INST_ENTRY INSTANCE_NAME="|zjw_yunsuanqi|lpm_mux:Mux7" CBX_FILE_NAME="mux_ooc.tdf"/>
		<CBX_INST_ENTRY INSTANCE_NAME="|zjw_yunsuanqi|lpm_mux:Mux0" CBX_FILE_NAME="mux_ooc.tdf"/>
		<CBX_INST_ENTRY INSTANCE_NAME="|zjw_yunsuanqi|lpm_mux:Mux2" CBX_FILE_NAME="mux_ooc.tdf"/>
		<CBX_INST_ENTRY INSTANCE_NAME="|zjw_yunsuanqi|lpm_mux:Mux4" CBX_FILE_NAME="mux_ooc.tdf"/>
		<CBX_INST_ENTRY INSTANCE_NAME="|zjw_yunsuanqi|lpm_mux:Mux6" CBX_FILE_NAME="mux_ooc.tdf"/>
	</PROJECT>
</LOG_ROOT>
