<?xml version="1.0" ?>
<LOG_ROOT>
	<PROJECT NAME="shujutonglu">
		<CBX_INST_ENTRY INSTANCE_NAME="|shujutonglu|yunsuanqi:inst|lpm_mux:Mux1" CBX_FILE_NAME="mux_ooc.tdf"/>
		<CBX_INST_ENTRY INSTANCE_NAME="|shujutonglu|yunsuanqi:inst|lpm_mux:Mux5" CBX_FILE_NAME="mux_ooc.tdf"/>
		<CBX_INST_ENTRY INSTANCE_NAME="|shujutonglu|ram:inst3|ram2:inst1|LPM_RAM_IO:inst|altram:sram|altsyncram:ram_block" CBX_FILE_NAME="altsyncram_sca1.tdf"/>
		<CBX_INST_ENTRY INSTANCE_NAME="|shujutonglu|yunsuanqi:inst|lpm_mux:Mux0" CBX_FILE_NAME="mux_ooc.tdf"/>
		<CBX_INST_ENTRY INSTANCE_NAME="|shujutonglu|yunsuanqi:inst|lpm_mux:Mux2" CBX_FILE_NAME="mux_ooc.tdf"/>
		<CBX_INST_ENTRY INSTANCE_NAME="|shujutonglu|yunsuanqi:inst|lpm_mux:Mux4" CBX_FILE_NAME="mux_ooc.tdf"/>
		<CBX_INST_ENTRY INSTANCE_NAME="|shujutonglu|yunsuanqi:inst|lpm_mux:Mux6" CBX_FILE_NAME="mux_ooc.tdf"/>
		<CBX_INST_ENTRY INSTANCE_NAME="|shujutonglu|yunsuanqi:inst|lpm_mux:Mux3" CBX_FILE_NAME="mux_ooc.tdf"/>
		<CBX_INST_ENTRY INSTANCE_NAME="|shujutonglu|yunsuanqi:inst|lpm_mux:Mux7" CBX_FILE_NAME="mux_ooc.tdf"/>
	</PROJECT>
</LOG_ROOT>
