<?xml version="1.0" ?>
<LOG_ROOT>
	<PROJECT NAME="zjw_shujutonglu">
		<CBX_INST_ENTRY INSTANCE_NAME="|zjw_shujutonglu|zjw_yunsuanqi:inst1|lpm_add_sub:Add14" CBX_FILE_NAME="add_sub_8rh.tdf"/>
		<CBX_INST_ENTRY INSTANCE_NAME="|zjw_shujutonglu|zjw_yunsuanqi:inst1|lpm_add_sub:Add5" CBX_FILE_NAME="add_sub_knh.tdf"/>
		<CBX_INST_ENTRY INSTANCE_NAME="|zjw_shujutonglu|zjw_yunsuanqi:inst1|lpm_mux:Mux4" CBX_FILE_NAME="mux_6hc.tdf"/>
		<CBX_INST_ENTRY INSTANCE_NAME="|zjw_shujutonglu|zjw_yunsuanqi:inst1|lpm_add_sub:Add15" CBX_FILE_NAME="add_sub_knh.tdf"/>
		<CBX_INST_ENTRY INSTANCE_NAME="|zjw_shujutonglu|zjw_yunsuanqi:inst1|lpm_add_sub:Add6" CBX_FILE_NAME="add_sub_knh.tdf"/>
		<CBX_INST_ENTRY INSTANCE_NAME="|zjw_shujutonglu|zjw_yunsuanqi:inst1|lpm_mux:Mux5" CBX_FILE_NAME="mux_6hc.tdf"/>
		<CBX_INST_ENTRY INSTANCE_NAME="|zjw_shujutonglu|zjw_yunsuanqi:inst1|lpm_add_sub:Add16" CBX_FILE_NAME="add_sub_9rh.tdf"/>
		<CBX_INST_ENTRY INSTANCE_NAME="|zjw_shujutonglu|zjw_yunsuanqi:inst1|lpm_add_sub:Add7" CBX_FILE_NAME="add_sub_lnh.tdf"/>
		<CBX_INST_ENTRY INSTANCE_NAME="|zjw_shujutonglu|zjw_yunsuanqi:inst1|lpm_mux:Mux6" CBX_FILE_NAME="mux_6hc.tdf"/>
		<CBX_INST_ENTRY INSTANCE_NAME="|zjw_shujutonglu|ram:inst3|ram1:inst|lpm_add_sub:Add0" CBX_FILE_NAME="add_sub_8rh.tdf"/>
		<CBX_INST_ENTRY INSTANCE_NAME="|zjw_shujutonglu|zjw_yunsuanqi:inst1|lpm_add_sub:Add0" CBX_FILE_NAME="add_sub_8rh.tdf"/>
		<CBX_INST_ENTRY INSTANCE_NAME="|zjw_shujutonglu|zjw_yunsuanqi:inst1|lpm_add_sub:Add17" CBX_FILE_NAME="add_sub_8rh.tdf"/>
		<CBX_INST_ENTRY INSTANCE_NAME="|zjw_shujutonglu|zjw_yunsuanqi:inst1|lpm_add_sub:Add8" CBX_FILE_NAME="add_sub_9rh.tdf"/>
		<CBX_INST_ENTRY INSTANCE_NAME="|zjw_shujutonglu|zjw_yunsuanqi:inst1|lpm_mux:Mux7" CBX_FILE_NAME="mux_6hc.tdf"/>
		<CBX_INST_ENTRY INSTANCE_NAME="|zjw_shujutonglu|zjw_yunsuanqi:inst1|lpm_add_sub:Add1" CBX_FILE_NAME="add_sub_8rh.tdf"/>
		<CBX_INST_ENTRY INSTANCE_NAME="|zjw_shujutonglu|zjw_yunsuanqi:inst1|lpm_add_sub:Add10" CBX_FILE_NAME="add_sub_8rh.tdf"/>
		<CBX_INST_ENTRY INSTANCE_NAME="|zjw_shujutonglu|zjw_yunsuanqi:inst1|lpm_add_sub:Add18" CBX_FILE_NAME="add_sub_knh.tdf"/>
		<CBX_INST_ENTRY INSTANCE_NAME="|zjw_shujutonglu|zjw_yunsuanqi:inst1|lpm_add_sub:Add9" CBX_FILE_NAME="add_sub_9rh.tdf"/>
		<CBX_INST_ENTRY INSTANCE_NAME="|zjw_shujutonglu|zjw_yunsuanqi:inst1|lpm_mux:Mux0" CBX_FILE_NAME="mux_6hc.tdf"/>
		<CBX_INST_ENTRY INSTANCE_NAME="|zjw_shujutonglu|zjw_yunsuanqi:inst1|lpm_add_sub:Add11" CBX_FILE_NAME="add_sub_knh.tdf"/>
		<CBX_INST_ENTRY INSTANCE_NAME="|zjw_shujutonglu|zjw_yunsuanqi:inst1|lpm_add_sub:Add19" CBX_FILE_NAME="add_sub_8rh.tdf"/>
		<CBX_INST_ENTRY INSTANCE_NAME="|zjw_shujutonglu|zjw_yunsuanqi:inst1|lpm_add_sub:Add2" CBX_FILE_NAME="add_sub_8rh.tdf"/>
		<CBX_INST_ENTRY INSTANCE_NAME="|zjw_shujutonglu|zjw_yunsuanqi:inst1|lpm_add_sub:Add20" CBX_FILE_NAME="add_sub_knh.tdf"/>
		<CBX_INST_ENTRY INSTANCE_NAME="|zjw_shujutonglu|zjw_yunsuanqi:inst1|lpm_mux:Mux1" CBX_FILE_NAME="mux_6hc.tdf"/>
		<CBX_INST_ENTRY INSTANCE_NAME="|zjw_shujutonglu|zjw_yunsuanqi:inst1|lpm_add_sub:Add12" CBX_FILE_NAME="add_sub_8rh.tdf"/>
		<CBX_INST_ENTRY INSTANCE_NAME="|zjw_shujutonglu|zjw_yunsuanqi:inst1|lpm_add_sub:Add21" CBX_FILE_NAME="add_sub_9rh.tdf"/>
		<CBX_INST_ENTRY INSTANCE_NAME="|zjw_shujutonglu|zjw_yunsuanqi:inst1|lpm_add_sub:Add3" CBX_FILE_NAME="add_sub_9rh.tdf"/>
		<CBX_INST_ENTRY INSTANCE_NAME="|zjw_shujutonglu|zjw_yunsuanqi:inst1|lpm_mux:Mux2" CBX_FILE_NAME="mux_6hc.tdf"/>
		<CBX_INST_ENTRY INSTANCE_NAME="|zjw_shujutonglu|ram:inst3|ram2:inst1|LPM_RAM_IO:inst|altram:sram|altsyncram:ram_block" CBX_FILE_NAME="altsyncram_r6a1.tdf"/>
		<CBX_INST_ENTRY INSTANCE_NAME="|zjw_shujutonglu|zjw_yunsuanqi:inst1|lpm_add_sub:Add13" CBX_FILE_NAME="add_sub_knh.tdf"/>
		<CBX_INST_ENTRY INSTANCE_NAME="|zjw_shujutonglu|zjw_yunsuanqi:inst1|lpm_add_sub:Add4" CBX_FILE_NAME="add_sub_8rh.tdf"/>
		<CBX_INST_ENTRY INSTANCE_NAME="|zjw_shujutonglu|zjw_yunsuanqi:inst1|lpm_mux:Mux3" CBX_FILE_NAME="mux_6hc.tdf"/>
	</PROJECT>
</LOG_ROOT>
